owner	wire_operation	product_operation_id	kind	product_contract
CATALYST	WORKSPACE_PRODUCT_API_OPERATION_01	listDatasets	READ	Cyrene-Catalyst/contracts/product/v1/openapi.yaml
CATALYST	WORKSPACE_PRODUCT_API_OPERATION_02	createDataset	COMMAND	Cyrene-Catalyst/contracts/product/v1/openapi.yaml
YIELD	WORKSPACE_PRODUCT_API_OPERATION_03	get_draft_api_v1_training_drafts__draft_id__get	READ	Cyrene-Yield/contracts/product/v1/openapi.yaml
YIELD	WORKSPACE_PRODUCT_API_OPERATION_04	start_run_api_v1_training_drafts__draft_id__actions_start_post	COMMAND	Cyrene-Yield/contracts/product/v1/openapi.yaml
REACTOR	WORKSPACE_PRODUCT_API_OPERATION_05	list_model_imports_api_v1_model_imports_get	READ	Cyrene-Reactor/contracts/product/v1/openapi.yaml
REACTOR	WORKSPACE_PRODUCT_API_OPERATION_06	create_model_import_api_v1_model_imports_post	COMMAND	Cyrene-Reactor/contracts/product/v1/openapi.yaml
EXCHANGE	WORKSPACE_PRODUCT_API_OPERATION_07	listGatewayRoutes	READ	Cyrene-Exchange/contracts/product/v1/openapi.yaml
EXCHANGE	WORKSPACE_PRODUCT_API_OPERATION_08	create_draft_api_v1_gateway_route_drafts_post	COMMAND	Cyrene-Exchange/contracts/product/v1/openapi.yaml
ECHO	WORKSPACE_PRODUCT_API_OPERATION_09	getEvaluationSuite	READ	Cyrene-Echo/contracts/product/v1/openapi.yaml
ECHO	WORKSPACE_PRODUCT_API_OPERATION_10	createEvaluationSuite	COMMAND	Cyrene-Echo/contracts/product/v1/openapi.yaml
NAVIGATOR	WORKSPACE_PRODUCT_API_OPERATION_11	observeWorkspaceSnapshot	READ	Cyrene-Navigator/contracts/product/v1/openapi.yaml
NAVIGATOR	WORKSPACE_PRODUCT_API_OPERATION_12	get_session_api_v1_harness_workspaces__workspace_id__sessions__session_id__get	READ	Cyrene-Navigator/contracts/product/v1/persistence.openapi.yaml
NAVIGATOR	WORKSPACE_PRODUCT_API_OPERATION_13	append_events_api_v1_harness_workspaces__workspace_id__sessions__session_id__append_post	COMMAND	Cyrene-Navigator/contracts/product/v1/persistence.openapi.yaml
